Unnamed: 0,image,Extroversion,Agreeableness,Conscientiousness,Neuroticism,Openness to Experience,Age,Gender
0,0e.jpeg,22,28,19,16,24,19,Female
1,0h.jpeg,22,28,19,16,24,19,Female
2,1e.jpeg,18,28,21,14,23,20,Female
3,1h.jpeg,18,28,21,14,24,20,Female
4,2e.jpeg,10,31,31,30,25,22,Female
5,2h.jpeg,10,31,31,30,24,22,Female
6,4e.jpeg,22,27,29,19,20,20,Female
7,4h.jpeg,22,27,29,19,24,20,Female
8,5e.jpeg,18,29,16,23,23,19,Male
9,5h.jpeg,18,29,16,23,24,19,Male
10,6e.jpeg,8,24,23,22,16,22,Female
11,6h.jpeg,8,24,23,22,24,22,Female
12,7e.jpeg,31,34,28,24,26,Prefer Not Say,Prefer not to say
13,7h.jpeg,31,34,28,24,24,Prefer Not Say,Prefer not to say
14,8e.jpeg,18,20,26,22,33,19,Male
15,8h.jpeg,18,20,26,22,24,19,Male
16,9e.jpeg,22,32,21,13,22,20,Male
17,9h.jpeg,22,32,21,13,24,20,Male
18,11e.jpeg,8,18,18,19,34,19,Female
19,11h.jpeg,8,18,18,19,24,19,Female
20,13e.jpeg,34,22,32,30,31,18,Male
21,13h.jpeg,34,22,32,30,24,18,Male
22,14e.jpeg,18,26,23,15,18,19,Male
23,14h.jpeg,18,26,23,15,24,19,Male
24,15e.jpeg,17,25,19,22,20,19,Female
25,15h.jpeg,17,25,19,22,24,19,Female
26,17e.jpeg,4,23,17,14,26,19,Female
27,17h.jpeg,4,23,17,14,24,19,Female
28,20e.jpeg,14,22,10,16,17,20,Male
29,20h.jpeg,14,22,10,16,24,20,Male
30,21e.jpeg,24,27,29,15,19,Prefer Not Say,Male
31,21h.jpeg,24,27,29,15,24,Prefer Not Say,Male
32,22e.jpeg,15,28,15,11,27,19,Female
33,22h.jpeg,15,28,15,11,24,19,Female
34,23e.jpeg,19,29,23,25,25,22,Male
35,23h.jpeg,19,29,23,25,24,22,Male
36,24e.jpeg,28,25,23,14,35,20,Male
37,24h.jpeg,28,25,23,14,24,20,Male
38,25e.jpeg,21,30,35,28,33,20,Male
39,25h.jpeg,21,30,35,28,24,20,Male
40,26e.jpeg,20,18,21,19,21,20,Male
41,26h.jpeg,20,18,21,19,24,20,Male
42,27e.jpeg,14,30,31,22,23,22,Female
43,27h.jpeg,14,30,31,22,24,22,Female
44,29e.jpeg,34,26,14,20,31,20,Female
45,29h.jpeg,34,26,14,20,24,20,Female
46,30e.jpeg,17,28,24,18,30,20,Female
47,30h.jpeg,17,28,24,18,24,20,Female
48,31e.jpeg,17,33,30,25,31,17,Male
49,31h.jpeg,17,33,30,25,24,17,Male
50,32e.jpeg,11,26,20,16,22,22,Male
51,32h.jpeg,11,26,20,16,24,22,Male
52,33e.jpeg,21,21,13,23,24,21,Female
53,33h.jpeg,21,21,13,23,24,21,Female
54,34e.jpeg,31,28,15,16,25,22,Male
55,34h.jpeg,31,28,15,16,24,22,Male
56,35e.jpeg,24,34,30,26,33,23,Male
57,35h.jpeg,24,34,30,26,24,23,Male
58,36e.jpeg,12,26,16,14,16,19,Female
59,36h.jpeg,12,26,16,14,24,19,Female
60,37e.jpeg,6,22,26,18,20,Prefer Not Say,Male
61,37h.jpeg,6,22,26,18,24,Prefer Not Say,Male
62,38e.jpeg,22,25,29,21,29,19,Female
63,38h.jpeg,22,25,29,21,24,19,Female
64,39e.jpeg,24,26,20,26,27,18,Female
65,39h.jpeg,24,26,20,26,24,18,Female
66,40e.jpeg,16,27,23,27,29,21,Female
67,40h.jpeg,16,27,23,27,24,21,Female
68,41e.jpeg,36,21,22,32,30,20,Male
69,41h.jpeg,36,21,22,32,24,20,Male
70,42e.jpeg,17,28,21,11,23,20,Female
71,42h.jpeg,17,28,21,11,24,20,Female
72,43e.jpeg,18,30,21,25,26,20,Male
73,43h.jpeg,18,30,21,25,24,20,Male
74,44e.jpeg,18,25,18,24,24,20,Female
75,44h.jpeg,18,25,18,24,24,20,Female
76,45e.jpeg,6,29,23,28,30,19,Male
77,45h.jpeg,6,29,23,28,24,19,Male
78,46e.jpeg,27,36,30,11,27,18,Female
79,46h.jpeg,27,36,30,11,24,18,Female
80,47e.jpeg,18,31,29,28,29,19,Female
81,47h.jpeg,18,31,29,28,24,19,Female
82,48e.jpeg,12,33,17,10,31,22,Female
83,48h.jpeg,12,33,17,10,24,22,Female
84,49e.jpeg,8,24,19,14,16,19,Male
85,49h.jpeg,8,24,19,14,24,19,Male
86,50e.jpeg,17,27,12,33,20,21,Male
87,50h.jpeg,17,27,12,33,24,21,Male
88,52e.jpeg,9,21,21,9,19,19,Female
89,52h.jpeg,9,21,21,9,24,19,Female
90,53e.jpeg,12,27,30,24,29,20,Female
91,53h.jpeg,12,27,30,24,24,20,Female
92,54e.jpeg,9,21,17,12,32,19,Male
93,54h.jpeg,9,21,17,12,24,19,Male
94,55e.jpeg,10,18,18,26,26,20,Male
95,55h.jpeg,10,18,18,26,24,20,Male
96,56e.jpeg,20,23,19,13,17,19,Male
97,56h.jpeg,20,23,19,13,24,19,Male
98,57e.jpeg,3,13,36,25,33,20,Male
99,57h.jpeg,3,13,36,25,24,20,Male
100,58e.jpeg,34,36,28,23,29,19,Female
101,58h.jpeg,34,36,28,23,24,19,Female
102,59e.jpeg,19,32,25,23,22,19,Male
103,59h.jpeg,19,32,25,23,24,19,Male
104,60e.jpeg,17,24,22,15,27,19,Male
105,60h.jpeg,17,24,22,15,24,19,Male
106,63e.jpeg,22,20,26,23,26,20,Male
107,63h.jpeg,22,20,26,23,24,20,Male
108,64e.jpeg,30,27,18,20,21,19,Male
109,64h.jpeg,30,27,18,20,24,19,Male
110,65e.jpeg,21,33,24,31,32,18,Male
111,65h.jpeg,21,33,24,31,24,18,Male
112,66e.jpeg,26,25,20,20,29,18,Male
113,66h.jpeg,26,25,20,20,24,18,Male
114,67e.jpeg,24,26,22,27,23,18,Male
115,67h.jpeg,24,26,22,27,24,18,Male
116,69e.jpeg,17,28,28,29,15,18,Male
117,69h.jpeg,17,28,28,29,24,18,Male
118,70e.jpeg,14,19,18,27,24,20,Male
119,70h.jpeg,14,19,18,27,24,20,Male
120,71e.jpeg,24,30,27,11,25,18,Male
121,71h.jpeg,24,30,27,11,24,18,Male
122,72e.jpeg,13,21,13,10,21,20,Male
123,72h.jpeg,13,21,13,10,24,20,Male
124,73e.jpeg,23,14,7,37,9,20,Male
125,73h.jpeg,23,14,7,37,24,20,Male
126,76e.jpeg,21,22,19,20,24,20,Male
127,76h.jpeg,21,22,19,20,24,20,Male
128,77e.jpeg,14,19,20,18,31,20,Male
129,77h.jpeg,14,19,20,18,24,20,Male
130,78e.jpeg,25,28,28,20,25,20,Male
131,78h.jpeg,25,28,28,20,24,20,Male
132,80e.jpeg,15,27,25,14,23,19,Male
133,80h.jpeg,15,27,25,14,24,19,Male
134,81e.jpeg,18,22,23,26,21,19,Male
135,81h.jpeg,18,22,23,26,24,19,Male
136,82e.jpeg,18,27,29,28,33,20,Male
137,82h.jpeg,18,27,29,28,24,20,Male
138,83e.jpeg,15,27,32,21,28,20,Male
139,83h.jpeg,15,27,32,21,24,20,Male
140,84e.jpeg,14,24,25,26,23,19,Male
141,84h.jpeg,14,24,25,26,24,19,Male
142,85e.jpeg,17,29,17,19,21,19,Male
143,85h.jpeg,17,29,17,19,24,19,Male
144,87e.jpeg,27,23,23,15,20,20,Male
145,87h.jpeg,27,23,23,15,24,20,Male
146,88e.jpeg,20,28,20,26,28,20,Male
147,88h.jpeg,20,28,20,26,24,20,Male
148,89e.jpeg,15,28,28,25,19,19,Male
149,89h.jpeg,15,28,28,25,24,19,Male
150,91e.jpeg,23,26,20,17,23,20,Male
151,91h.jpeg,23,26,20,17,24,20,Male
152,93e.jpeg,17,23,25,18,30,21,Male
153,93h.jpeg,17,23,25,18,24,21,Male
154,94e.jpeg,22,19,13,16,15,19,Male
155,94h.jpeg,22,19,13,16,24,19,Male
156,95e.jpeg,23,34,26,13,25,20,Male
157,95h.jpeg,23,34,26,13,24,20,Male
158,96e.jpeg,21,27,32,21,27,19,Female
159,96h.jpeg,21,27,32,21,24,19,Female
160,97e.jpeg,6,23,18,11,20,21,Male
161,97h.jpeg,6,23,18,11,24,21,Male
162,98e.jpeg,26,31,38,26,32,21,Male
163,98h.jpeg,26,31,38,26,24,21,Male
164,99e.jpeg,26,33,35,6,27,20,Female
165,99h.jpeg,26,33,35,6,24,20,Female
166,100e.jpeg,16,28,23,16,27,21,Female
167,100h.jpeg,16,28,23,16,24,21,Female
168,101e.jpeg,23,30,25,23,31,22,Female
169,101h.jpeg,23,30,25,23,24,22,Female
170,102e.jpeg,22,29,28,21,23,21,Female
171,102h.jpeg,22,29,28,21,24,21,Female
172,104e.jpeg,22,30,32,14,28,19,Female
173,104h.jpeg,22,30,32,14,24,19,Female
174,105e.jpeg,17,29,22,21,30,19,Male
175,105h.jpeg,17,29,22,21,24,19,Male
176,106e.jpeg,29,27,29,19,28,17,Male
177,106h.jpeg,29,27,29,19,24,17,Male
178,109e.jpeg,13,26,26,10,28,21,Male
179,109h.jpeg,13,26,26,10,24,21,Male
180,112e.jpeg,22,27,23,23,23,22,Male
181,112h.jpeg,22,27,23,23,24,22,Male
182,113e.jpeg,33,40,37,33,38,21,Male
183,113h.jpeg,33,40,37,33,24,21,Male
184,114e.jpeg,21,22,25,18,25,21,Male
185,114h.jpeg,21,22,25,18,24,21,Male
186,115e.jpeg,9,29,21,27,25,20,Male
187,115h.jpeg,9,29,21,27,24,20,Male
188,116e.jpeg,10,19,38,24,32,20,Male
189,116h.jpeg,10,19,38,24,24,20,Male
190,117e.jpeg,19,32,35,32,35,24,Male
191,117h.jpeg,19,32,35,32,24,24,Male
192,118e.jpeg,20,29,29,29,25,22,Male
193,118h.jpeg,20,29,29,29,24,22,Male
194,119e.jpeg,12,26,22,20,19,21,Male
195,119h.jpeg,12,26,22,20,24,21,Male
196,120e.jpeg,9,31,20,19,25,20,Male
197,120h.jpeg,9,31,20,19,24,20,Male
198,121e.jpeg,17,29,28,27,26,21,Male
199,121h.jpeg,17,29,28,27,24,21,Male
200,122e.jpeg,12,31,24,12,18,21,Male
201,122h.jpeg,12,31,24,12,24,21,Male
202,123e.jpeg,14,30,38,21,26,20,Female
203,123h.jpeg,14,30,38,21,24,20,Female
204,124e.jpeg,29,35,33,27,30,21,Male
205,124h.jpeg,29,35,33,27,24,21,Male
206,125e.jpeg,24,21,22,20,19,22,Male
207,125h.jpeg,24,21,22,20,24,22,Male
208,126e.jpeg,24,23,23,18,25,20,Male
209,126h.jpeg,24,23,23,18,24,20,Male
210,127e.jpeg,18,28,17,28,23,20,Male
211,127h.jpeg,18,28,17,28,24,20,Male
212,128e.jpeg,20,23,23,19,18,19,Male
213,128h.jpeg,20,23,23,19,24,19,Male
214,129e.jpeg,18,21,17,19,20,22,Female
215,129h.jpeg,18,21,17,19,24,22,Female
216,130e.jpeg,20,23,24,20,25,20,Male
217,130h.jpeg,20,23,24,20,24,20,Male
218,131e.jpeg,18,30,29,26,30,22,Male
219,131h.jpeg,18,30,29,26,24,22,Male
220,132e.jpeg,18,26,22,14,19,21,Male
221,132h.jpeg,18,26,22,14,24,21,Male
222,133e.jpeg,24,21,18,23,22,19,Male
223,133h.jpeg,24,21,18,23,24,19,Male
224,134e.jpeg,24,36,23,7,40,21,Male
225,134h.jpeg,24,36,23,7,24,21,Male
226,136e.jpeg,28,22,18,23,25,20,Female
227,136h.jpeg,28,22,18,23,24,20,Female
228,137e.jpeg,15,25,21,24,28,19,Male
229,137h.jpeg,15,25,21,24,24,19,Male
230,138e.jpeg,15,29,21,10,28,21,Male
231,138h.jpeg,15,29,21,10,24,21,Male
232,139e.jpeg,10,23,22,21,19,20,Male
233,139h.jpeg,10,23,22,21,24,20,Male
234,140e.jpeg,4,19,17,34,21,21,Male
235,140h.jpeg,4,19,17,34,24,21,Male
236,141e.jpeg,24,23,24,17,22,20,Male
237,141h.jpeg,24,23,24,17,24,20,Male
238,142e.jpeg,23,30,30,18,29,22,Male
239,142h.jpeg,23,30,30,18,24,22,Male
240,143e.jpeg,19,27,21,20,18,21,Male
241,143h.jpeg,19,27,21,20,24,21,Male
242,144e.jpeg,13,29,29,23,27,21,Male
243,144h.jpeg,13,29,29,23,24,21,Male
244,145e.jpeg,21,25,19,18,23,22,Male
245,145h.jpeg,21,25,19,18,24,22,Male
246,146e.jpeg,3,22,29,31,34,19,Female
247,146h.jpeg,3,22,29,31,24,19,Female
248,147e.jpeg,25,30,23,25,30,20,Male
249,147h.jpeg,25,30,23,25,24,20,Male
250,148e.jpeg,19,22,25,9,23,22,Male
251,148h.jpeg,19,22,25,9,24,22,Male
252,150e.jpeg,14,25,19,19,21,21,Male
253,150h.jpeg,14,25,19,19,24,21,Male
254,151e.jpeg,13,22,16,19,18,Prefer Not Say,Male
255,151h.jpeg,13,22,16,19,24,Prefer Not Say,Male
256,152e.jpeg,24,25,22,12,20,20,Male
257,152h.jpeg,24,25,22,12,24,20,Male
258,153e.jpeg,20,31,25,16,23,20,Male
259,153h.jpeg,20,31,25,16,24,20,Male
260,154e.jpeg,21,27,27,23,28,21,Male
261,154h.jpeg,21,27,27,23,24,21,Male
262,156e.jpeg,27,31,33,13,34,21,Male
263,156h.jpeg,27,31,33,13,24,21,Male
264,157e.jpeg,20,20,20,20,20,20,Male
265,157h.jpeg,20,20,20,20,24,20,Male
266,158e.jpeg,0,25,26,28,29,21,Male
267,158h.jpeg,0,25,26,28,24,21,Male
268,159e.jpeg,15,23,16,16,37,21,Male
269,159h.jpeg,15,23,16,16,24,21,Male
270,160e.jpeg,31,36,16,20,28,21,Male
271,160h.jpeg,31,36,16,20,24,21,Male
272,161e.jpeg,26,33,33,30,30,21,Male
273,161h.jpeg,26,33,33,30,24,21,Male
274,162e.jpeg,27,33,37,30,38,21,Male
275,162h.jpeg,27,33,37,30,24,21,Male
276,163e.jpeg,26,27,32,21,28,21,Male
277,163h.jpeg,26,27,32,21,24,21,Male
278,164e.jpeg,23,27,28,29,27,20,Male
279,164h.jpeg,23,27,28,29,24,20,Male
280,165e.jpeg,22,18,22,20,22,21,Male
281,165h.jpeg,22,18,22,20,24,21,Male
282,167e.jpeg,19,30,27,30,30,20,Male
283,167h.jpeg,19,30,27,30,24,20,Male
284,168e.jpeg,23,32,30,22,32,Prefer Not Say,Male
285,168h.jpeg,23,32,30,22,24,Prefer Not Say,Male
286,169e.jpeg,14,25,27,23,28,22,Male
287,169h.jpeg,14,25,27,23,24,22,Male
288,170e.jpeg,19,22,21,9,24,22,Male
289,170h.jpeg,19,22,21,9,24,22,Male
290,172e.jpeg,3,22,29,31,34,19,Female
291,172h.jpeg,3,22,29,31,24,19,Female
292,174e.jpeg,40,40,40,32,36,21,Male
293,174h.jpeg,40,40,40,32,24,21,Male
294,176e.jpeg,18,18,22,17,22,21,Male
295,176h.jpeg,18,18,22,17,24,21,Male
296,177e.jpeg,22,29,27,17,18,22,Male
297,177h.jpeg,22,29,27,17,24,22,Male
298,178e.jpeg,14,26,22,18,30,21,Male
299,178h.jpeg,14,26,22,18,24,21,Male
300,179e.jpeg,33,32,32,30,36,21,Male
301,179h.jpeg,33,32,32,30,24,21,Male
302,181e.jpeg,16,24,31,17,22,21,Male
303,181h.jpeg,16,24,31,17,24,21,Male
304,182e.jpeg,18,32,36,22,30,21,Male
305,182h.jpeg,18,32,36,22,24,21,Male
306,183e.jpeg,12,24,32,35,34,21,Female
307,183h.jpeg,12,24,32,35,24,21,Female
308,184e.jpeg,24,31,30,14,29,20,Male
309,184h.jpeg,24,31,30,14,24,20,Male
310,185e.jpeg,20,29,30,18,32,21,Male
311,185h.jpeg,20,29,30,18,24,21,Male
312,186e.jpeg,28,33,27,11,30,21,Male
313,186h.jpeg,28,33,27,11,24,21,Male
314,188e.jpeg,24,34,21,17,27,21,Male
315,188h.jpeg,24,34,21,17,24,21,Male
316,189e.jpeg,18,23,22,20,23,22,Male
317,189h.jpeg,18,23,22,20,24,22,Male
318,190e.jpeg,23,28,33,35,31,20,Male
319,190h.jpeg,23,28,33,35,24,20,Male
320,191e.jpeg,8,17,20,18,35,20,Male
321,191h.jpeg,8,17,20,18,24,20,Male
322,192e.jpeg,18,27,27,20,21,21,Male
323,192h.jpeg,18,27,27,20,24,21,Male
324,193e.jpeg,23,22,23,14,24,20,Female
325,193h.jpeg,23,22,23,14,24,20,Female
326,194e.jpeg,26,33,27,31,27,20,Male
327,194h.jpeg,26,33,27,31,24,20,Male
328,195e.jpeg,17,30,29,18,31,20,Male
329,195h.jpeg,17,30,29,18,24,20,Male
330,196e.jpeg,13,24,23,26,19,20,Male
331,196h.jpeg,13,24,23,26,24,20,Male
332,197e.jpeg,19,28,29,18,30,22,Male
333,197h.jpeg,19,28,29,18,24,22,Male
334,198e.jpeg,10,31,21,15,35,20,Male
335,198h.jpeg,10,31,21,15,24,20,Male
336,200e.jpeg,29,29,20,24,27,21,Male
337,200h.jpeg,29,29,20,24,24,21,Male
338,201e.jpeg,13,30,19,17,32,22,Male
339,201h.jpeg,13,30,19,17,24,22,Male
340,202e.jpeg,9,20,23,30,22,21,Male
341,202h.jpeg,9,20,23,30,24,21,Male
342,203e.jpeg,21,25,21,16,24,22,Male
343,203h.jpeg,21,25,21,16,24,22,Male
344,204e.jpeg,10,26,15,16,22,21,Male
345,204h.jpeg,10,26,15,16,24,21,Male
346,205e.jpeg,23,32,24,23,25,22,Male
347,205h.jpeg,23,32,24,23,24,22,Male
348,206e.jpeg,24,33,24,19,22,20,Male
349,206h.jpeg,24,33,24,19,24,20,Male
350,207e.jpeg,25,30,26,19,29,20,Male
351,207h.jpeg,25,30,26,19,24,20,Male
352,208e.jpeg,15,32,22,34,31,21,Male
353,208h.jpeg,15,32,22,34,24,21,Male
354,210e.jpeg,25,26,24,27,32,20,Male
355,210h.jpeg,25,26,24,27,24,20,Male
356,212e.jpeg,7,26,18,29,22,23,Male
357,212h.jpeg,7,26,18,29,24,23,Male
358,213e.jpeg,24,28,20,16,27,21,Male
359,213h.jpeg,24,28,20,16,24,21,Male
360,214e.jpeg,24,35,31,24,34,20,Female
361,214h.jpeg,24,35,31,24,24,20,Female
362,215e.jpeg,24,31,27,27,25,22,Male
363,215h.jpeg,24,31,27,27,24,22,Male
364,216e.jpeg,25,30,12,13,21,19,Male
365,216h.jpeg,25,30,12,13,24,19,Male
366,218e.jpeg,27,20,19,18,18,23,Male
367,218h.jpeg,27,20,19,18,24,23,Male
368,219e.jpeg,15,36,22,10,31,20,Female
369,219h.jpeg,15,36,22,10,24,20,Female
370,220e.jpeg,16,36,26,16,25,21,Male
371,220h.jpeg,16,36,26,16,24,21,Male
372,223e.jpeg,27,27,32,25,27,21,Male
373,223h.jpeg,27,27,32,25,24,21,Male
374,224e.jpeg,20,22,23,14,24,20,Male
375,224h.jpeg,20,22,23,14,24,20,Male
376,225e.jpeg,4,23,36,19,18,21,Male
377,225h.jpeg,4,23,36,19,24,21,Male
378,226e.jpeg,19,23,33,28,23,22,Male
379,226h.jpeg,19,23,33,28,24,22,Male
380,227e.jpeg,11,23,18,25,20,21,Male
381,227h.jpeg,11,23,18,25,24,21,Male
382,228e.jpeg,20,22,23,20,19,21,Male
383,228h.jpeg,20,22,23,20,24,21,Male
384,229e.jpeg,22,19,23,11,19,21,Male
385,229h.jpeg,22,19,23,11,24,21,Male
386,230e.jpeg,24,23,17,21,20,20,Male
387,230h.jpeg,24,23,17,21,24,20,Male
388,231e.jpeg,21,25,25,22,25,19,Male
389,231h.jpeg,21,25,25,22,24,19,Male
390,232e.jpeg,20,24,22,19,19,20,Male
391,232h.jpeg,20,24,22,19,24,20,Male
392,233e.jpeg,27,25,34,27,36,21,Male
393,233h.jpeg,27,25,34,27,24,21,Male
394,234e.jpeg,10,32,31,30,22,21,Male
395,234h.jpeg,10,32,31,30,24,21,Male
396,235e.jpeg,15,20,16,16,17,20,Male
397,235h.jpeg,15,20,16,16,24,20,Male
398,236e.jpeg,17,26,20,22,24,22,Male
399,236h.jpeg,17,26,20,22,24,22,Male
400,237e.jpeg,16,26,25,24,21,21,Male
401,237h.jpeg,16,26,25,24,24,21,Male
402,238e.jpeg,14,27,19,23,28,19,Male
403,238h.jpeg,14,27,19,23,24,19,Male
404,239e.jpeg,20,32,28,23,36,21,Male
405,239h.jpeg,20,32,28,23,24,21,Male
406,241e.jpeg,24,31,34,24,28,21,Male
407,241h.jpeg,24,31,34,24,24,21,Male
408,242e.jpeg,40,31,25,16,37,21,Male
409,242h.jpeg,40,31,25,16,24,21,Male
410,243e.jpeg,17,20,18,16,24,22,Female
411,243h.jpeg,17,20,18,16,24,22,Female
412,244e.jpeg,23,27,25,19,19,20,Male
413,244h.jpeg,23,27,25,19,24,20,Male
414,246e.jpeg,23,25,26,18,27,22,Male
415,246h.jpeg,23,25,26,18,24,22,Male
416,247e.jpeg,11,26,23,22,18,20,Female
417,247h.jpeg,11,26,23,22,24,20,Female
418,248e.jpeg,26,30,38,29,33,21,Male
419,248h.jpeg,26,30,38,29,24,21,Male
420,249e.jpeg,23,22,20,19,22,22,Male
421,249h.jpeg,23,22,20,19,24,22,Male
422,250e.jpeg,5,27,26,23,26,20,Male
423,250h.jpeg,5,27,26,23,24,20,Male
424,251e.jpeg,23,30,29,13,27,22,Male
425,251h.jpeg,23,30,29,13,24,22,Male
426,252e.jpeg,15,31,25,14,30,21,Male
427,252h.jpeg,15,31,25,14,24,21,Male
428,253e.jpeg,12,29,28,20,21,20,Female
429,253h.jpeg,12,29,28,20,24,20,Female
430,254e.jpeg,11,21,15,25,19,20,Male
431,254h.jpeg,11,21,15,25,24,20,Male
432,255e.jpeg,22,28,23,14,24,20,Male
433,255h.jpeg,22,28,23,14,24,20,Male
434,258e.jpeg,15,23,16,14,25,20,Female
435,258h.jpeg,15,23,16,14,24,20,Female
436,261e.jpeg,13,32,37,26,36,21,Male
437,261h.jpeg,13,32,37,26,24,21,Male
438,262e.jpeg,29,26,26,18,28,22,Male
439,262h.jpeg,29,26,26,18,24,22,Male
440,263e.jpeg,29,26,25,25,26,20,Male
441,263h.jpeg,29,26,25,25,24,20,Male
442,264e.jpeg,20,28,21,18,29,19,Male
443,264h.jpeg,20,28,21,18,24,19,Male
444,265e.jpeg,17,17,27,25,27,21,Male
445,265h.jpeg,17,17,27,25,24,21,Male
446,266e.jpeg,31,30,26,29,30,20,Male
447,266h.jpeg,31,30,26,29,24,20,Male
448,267e.jpeg,27,27,22,15,27,19,Male
449,267h.jpeg,27,27,22,15,24,19,Male
450,268e.jpeg,27,24,15,2,37,20,Female
451,268h.jpeg,27,24,15,2,24,20,Female
452,269e.jpeg,8,28,25,24,25,21,Male
453,269h.jpeg,8,28,25,24,24,21,Male
454,270e.jpeg,28,29,37,27,29,21,Male
455,270h.jpeg,28,29,37,27,24,21,Male
456,271e.jpeg,19,15,26,20,16,21,Male
457,271h.jpeg,19,15,26,20,24,21,Male
458,272e.jpeg,22,27,26,29,16,21,Male
459,272h.jpeg,22,27,26,29,24,21,Male
460,273e.jpeg,22,28,28,22,25,21,Male
461,273h.jpeg,22,28,28,22,24,21,Male
462,274e.jpeg,26,28,19,12,29,22,Male
463,274h.jpeg,26,28,19,12,24,22,Male
464,276e.jpeg,16,25,23,23,25,21,Male
465,276h.jpeg,16,25,23,23,24,21,Male
466,277e.jpeg,18,27,38,28,34,21,Male
467,277h.jpeg,18,27,38,28,24,21,Male
468,278e.jpeg,20,22,22,14,24,22,Male
469,278h.jpeg,20,22,22,14,24,22,Male
470,279e.jpeg,21,30,31,24,36,19,Male
471,279h.jpeg,21,30,31,24,24,19,Male
472,280e.jpeg,24,22,21,20,20,21,Female
473,280h.jpeg,24,22,21,20,24,21,Female
474,281e.jpeg,17,20,29,20,23,20,Male
475,281h.jpeg,17,20,29,20,24,20,Male
476,282e.jpeg,16,29,24,14,23,21,Male
477,282h.jpeg,16,29,24,14,24,21,Male
478,283e.jpeg,36,36,40,28,35,21,Male
479,283h.jpeg,36,36,40,28,24,21,Male
480,284e.jpeg,12,30,26,28,31,21,Male
481,284h.jpeg,12,30,26,28,24,21,Male
482,285e.jpeg,15,18,22,27,20,21,Male
483,285h.jpeg,15,18,22,27,24,21,Male
484,286e.jpeg,11,22,22,20,25,20,Male
485,286h.jpeg,11,22,22,20,24,20,Male
486,288e.jpeg,16,32,28,13,35,21,Female
487,288h.jpeg,16,32,28,13,24,21,Female
488,289e.jpeg,9,26,19,13,25,18,Female
489,289h.jpeg,9,26,19,13,24,18,Female
490,290e.jpeg,17,19,19,18,21,20,Male
491,290h.jpeg,17,19,19,18,24,20,Male
492,291e.jpeg,23,29,21,22,20,21,Male
493,291h.jpeg,23,29,21,22,24,21,Male
494,293e.jpeg,6,31,29,28,32,19,Male
495,293h.jpeg,6,31,29,28,24,19,Male
496,294e.jpeg,17,29,13,19,22,19,Male
497,294h.jpeg,17,29,13,19,24,19,Male
498,295e.jpeg,20,20,20,20,20,20,Male
499,295h.jpeg,20,20,20,20,24,20,Male
500,296e.jpeg,25,27,30,16,24,22,Male
501,296h.jpeg,25,27,30,16,24,22,Male
502,297e.jpeg,29,27,20,8,29,21,Male
503,297h.jpeg,29,27,20,8,24,21,Male
504,298e.jpeg,21,31,33,22,27,21,Male
505,298h.jpeg,21,31,33,22,24,21,Male
506,300e.jpeg,23,30,33,27,35,21,Male
507,300h.jpeg,23,30,33,27,24,21,Male
508,302e.jpeg,19,22,21,20,20,22,Male
509,302h.jpeg,19,22,21,20,24,22,Male
510,303e.jpeg,22,23,26,22,24,21,Male
511,303h.jpeg,22,23,26,22,24,21,Male
512,305e.jpeg,24,27,27,13,27,21,Male
513,305h.jpeg,24,27,27,13,24,21,Male
514,306e.jpeg,17,27,28,14,15,20,Male
515,306h.jpeg,17,27,28,14,24,20,Male
516,307e.jpeg,16,26,34,26,25,21,Male
517,307h.jpeg,16,26,34,26,24,21,Male
518,308e.jpeg,17,25,32,20,21,20,Male
519,308h.jpeg,17,25,32,20,24,20,Male
520,309e.jpeg,25,26,31,25,31,21,Male
521,309h.jpeg,25,26,31,25,24,21,Male
522,310e.jpeg,18,24,19,20,20,22,Male
523,310h.jpeg,18,24,19,20,24,22,Male
524,311e.jpeg,24,27,23,16,23,Prefer Not Say,Male
525,311h.jpeg,24,27,23,16,24,Prefer Not Say,Male
526,312e.jpeg,19,27,11,8,24,21,Male
527,312h.jpeg,19,27,11,8,24,21,Male
528,313e.jpeg,14,24,24,19,17,21,Male
529,313h.jpeg,14,24,24,19,24,21,Male
530,314e.jpeg,15,35,30,28,30,20,Male
531,314h.jpeg,15,35,30,28,24,20,Male
532,315e.jpeg,18,25,18,22,25,21,Male
533,315h.jpeg,18,25,18,22,24,21,Male
534,316e.jpeg,36,30,21,33,30,21,Male
535,316h.jpeg,36,30,21,33,24,21,Male
536,317e.jpeg,18,20,15,14,19,20,Male
537,317h.jpeg,18,20,15,14,24,20,Male
538,319e.jpeg,15,22,22,16,20,21,Male
539,319h.jpeg,15,22,22,16,24,21,Male
540,320e.jpeg,13,28,26,17,28,21,Male
541,320h.jpeg,13,28,26,17,24,21,Male
542,321e.jpeg,26,22,16,30,31,21,Male
543,321h.jpeg,26,22,16,30,24,21,Male
544,322e.jpeg,24,18,20,28,16,21,Male
545,322h.jpeg,24,18,20,28,24,21,Male
546,323e.jpeg,29,34,33,33,32,21,Male
547,323h.jpeg,29,34,33,33,24,21,Male
548,324e.jpeg,25,32,29,26,25,22,Male
549,324h.jpeg,25,32,29,26,24,22,Male
550,325e.jpeg,24,29,37,24,28,19,Male
551,325h.jpeg,24,29,37,24,24,19,Male
552,326e.jpeg,12,31,28,22,29,20,Male
553,326h.jpeg,12,31,28,22,24,20,Male
554,327e.jpeg,25,32,32,28,34,21,Male
555,327h.jpeg,25,32,32,28,24,21,Male
556,328e.jpeg,15,21,29,15,32,21,Male
557,328h.jpeg,15,21,29,15,24,21,Male
558,329e.jpeg,21,25,21,19,20,21,Male
559,329h.jpeg,21,25,21,19,24,21,Male
560,330e.jpeg,11,28,21,23,27,20,Male
561,330h.jpeg,11,28,21,23,24,20,Male
562,331e.jpeg,13,27,18,24,29,19,Male
563,331h.jpeg,13,27,18,24,24,19,Male
564,332e.jpeg,8,30,12,10,13,21,Male
565,332h.jpeg,8,30,12,10,24,21,Male
566,333e.jpeg,23,30,27,23,25,21,Male
567,333h.jpeg,23,30,27,23,24,21,Male
568,334e.jpeg,25,30,17,23,25,22,Male
569,334h.jpeg,25,30,17,23,24,22,Male
570,335e.jpeg,22,28,23,16,25,21,Male
571,335h.jpeg,22,28,23,16,24,21,Male
572,336e.jpeg,10,24,23,21,29,20,Male
573,336h.jpeg,10,24,23,21,24,20,Male
574,337e.jpeg,29,26,19,23,27,21,Male
575,337h.jpeg,29,26,19,23,24,21,Male
576,338e.jpeg,12,28,31,26,35,22,Male
577,338h.jpeg,12,28,31,26,24,22,Male
578,340e.jpeg,20,33,36,27,29,21,Male
579,340h.jpeg,20,33,36,27,24,21,Male
580,341e.jpeg,22,37,36,37,35,18,Male
581,341h.jpeg,22,37,36,37,24,18,Male
582,342e.jpeg,28,24,26,3,35,20,Prefer not to say
583,342h.jpeg,28,24,26,3,24,20,Prefer not to say
584,344e.jpeg,23,11,19,24,8,21,Male
585,344h.jpeg,23,11,19,24,24,21,Male
586,345e.jpeg,20,28,34,17,26,20,Male
587,345h.jpeg,20,28,34,17,24,20,Male
588,346e.jpeg,31,31,25,26,30,Prefer Not Say,Male
589,346h.jpeg,31,31,25,26,24,Prefer Not Say,Male
590,347e.jpeg,21,22,18,22,24,22,Male
591,347h.jpeg,21,22,18,22,24,22,Male
592,348e.jpeg,20,29,24,17,23,21,Male
593,348h.jpeg,20,29,24,17,24,21,Male
594,349e.jpeg,16,26,25,13,24,19,Female
595,349h.jpeg,16,26,25,13,24,19,Female
596,351e.jpeg,24,25,25,22,23,21,Male
597,351h.jpeg,24,25,25,22,24,21,Male
598,352e.jpeg,22,31,22,26,23,22,Male
599,352h.jpeg,22,31,22,26,24,22,Male
600,353e.jpeg,24,29,15,13,20,20,Male
601,353h.jpeg,24,29,15,13,24,20,Male
602,354e.jpeg,21,20,20,20,20,21,Male
603,354h.jpeg,21,20,20,20,24,21,Male
604,355e.jpeg,27,28,22,17,23,20,Male
605,355h.jpeg,27,28,22,17,24,20,Male
606,357e.jpeg,19,25,26,29,20,23,Male
607,357h.jpeg,19,25,26,29,24,23,Male
608,358e.jpeg,12,20,27,26,31,22,Male
609,358h.jpeg,12,20,27,26,24,22,Male
610,359e.jpeg,10,18,21,17,32,20,Male
611,359h.jpeg,10,18,21,17,24,20,Male
612,361e.jpeg,26,37,35,24,32,21,Male
613,361h.jpeg,26,37,35,24,24,21,Male
614,362e.jpeg,19,23,29,7,14,22,Male
615,362h.jpeg,19,23,29,7,24,22,Male
616,363e.jpeg,13,32,38,21,32,20,Female
617,363h.jpeg,13,32,38,21,24,20,Female
618,364e.jpeg,2,13,18,31,16,21,Male
619,364h.jpeg,2,13,18,31,24,21,Male
620,367e.jpeg,24,20,16,17,19,22,Male
621,367h.jpeg,24,20,16,17,24,22,Male
622,368e.jpeg,31,30,34,24,33,21,Male
623,368h.jpeg,31,30,34,24,24,21,Male
624,369e.jpeg,17,24,23,15,28,20,Female
625,369h.jpeg,17,24,23,15,24,20,Female
626,370e.jpeg,23,22,16,24,25,22,Male
627,370h.jpeg,23,22,16,24,24,22,Male
628,372e.jpeg,26,25,29,26,23,21,Male
629,372h.jpeg,26,25,29,26,24,21,Male
630,373e.jpeg,20,20,20,20,20,21,Male
631,373h.jpeg,20,20,20,20,24,21,Male
632,374e.jpeg,22,24,19,22,30,22,Male
633,374h.jpeg,22,24,19,22,24,22,Male
634,375e.jpeg,22,28,28,21,32,22,Male
635,375h.jpeg,22,28,28,21,24,22,Male
636,376e.jpeg,21,21,20,17,20,21,Male
637,376h.jpeg,21,21,20,17,24,21,Male
638,377e.jpeg,12,27,27,23,34,21,Female
639,377h.jpeg,12,27,27,23,24,21,Female
640,378e.jpeg,18,25,27,25,20,23,Male
641,378h.jpeg,18,25,27,25,24,23,Male
642,379e.jpeg,27,30,36,27,32,22,Male
643,379h.jpeg,27,30,36,27,24,22,Male
644,380e.jpeg,22,24,25,24,20,21,Male
645,380h.jpeg,22,24,25,24,24,21,Male
646,381e.jpeg,22,35,33,37,31,20,Male
647,381h.jpeg,22,35,33,37,24,20,Male
648,382e.jpeg,23,18,19,17,23,21,Male
649,382h.jpeg,23,18,19,17,24,21,Male
650,383e.jpeg,27,17,21,15,23,22,Male
651,383h.jpeg,27,17,21,15,24,22,Male
652,384e.jpeg,35,37,29,27,26,22,Male
653,384h.jpeg,35,37,29,27,24,22,Male
654,385e.jpeg,16,25,25,15,22,19,Male
655,385h.jpeg,16,25,25,15,24,19,Male
656,386e.jpeg,24,24,15,20,22,19,Female
657,386h.jpeg,24,24,15,20,24,19,Female
658,387e.jpeg,20,20,20,20,20,20,Male
659,387h.jpeg,20,20,20,20,24,20,Male
660,388e.jpeg,19,22,21,17,25,22,Male
661,388h.jpeg,19,22,21,17,24,22,Male
662,389e.jpeg,19,24,24,20,21,23,Male
663,389h.jpeg,19,24,24,20,24,23,Male
664,391e.jpeg,23,23,24,15,22,22,Male
665,391h.jpeg,23,23,24,15,24,22,Male
666,392e.jpeg,22,19,20,18,20,22,Male
667,392h.jpeg,22,19,20,18,24,22,Male
668,393e.jpeg,17,30,26,14,34,22,Male
669,393h.jpeg,17,30,26,14,24,22,Male
670,394e.jpeg,21,28,22,19,29,22,Male
671,394h.jpeg,21,28,22,19,24,22,Male
672,395e.jpeg,24,23,30,21,21,20,Male
673,395h.jpeg,24,23,30,21,24,20,Male
674,396e.jpeg,15,20,19,18,25,22,Male
675,396h.jpeg,15,20,19,18,24,22,Male
676,397e.jpeg,24,26,34,29,38,21,Male
677,397h.jpeg,24,26,34,29,24,21,Male
678,398e.jpeg,18,23,25,13,25,21,Male
679,398h.jpeg,18,23,25,13,24,21,Male
680,399e.jpeg,29,28,27,23,29,24,Male
681,399h.jpeg,29,28,27,23,24,24,Male
682,400e.jpeg,13,26,24,14,29,21,Male
683,400h.jpeg,13,26,24,14,24,21,Male
684,401e.jpeg,22,26,25,26,26,22,Male
685,401h.jpeg,22,26,25,26,24,22,Male
686,402e.jpeg,24,29,21,24,32,21,Male
687,402h.jpeg,24,29,21,24,24,21,Male
688,403e.jpeg,24,22,18,21,20,22,Male
689,403h.jpeg,24,22,18,21,24,22,Male
